pokedex_number,Name,type_1,type_2,total_points,hp,attack,defense,sp_attack,sp_defense,speed,generation,status
1,Bulbasaur,Grass,Poison,318,45,49,49,65,65,45,1,Normal
2,Ivysaur,Grass,Poison,405,60,62,63,80,80,60,1,Normal
3,Venusaur,Grass,Poison,525,80,82,83,100,100,80,1,Normal
3,Mega Venusaur,Grass,Poison,625,80,100,123,122,120,80,1,Normal
4,Charmander,Fire,,309,39,52,43,60,50,65,1,Normal
5,Charmeleon,Fire,,405,58,64,58,80,65,80,1,Normal
6,Charizard,Fire,Flying,534,78,84,78,109,85,100,1,Normal
6,Mega Charizard X,Fire,Dragon,634,78,130,111,130,85,100,1,Normal
6,Mega Charizard Y,Fire,Flying,634,78,104,78,159,115,100,1,Normal
7,Squirtle,Water,,314,44,48,65,50,64,43,1,Normal
8,Wartortle,Water,,405,59,63,80,65,80,58,1,Normal
9,Blastoise,Water,,530,79,83,100,85,105,78,1,Normal
9,Mega Blastoise,Water,,630,79,103,120,135,115,78,1,Normal
10,Caterpie,Bug,,195,45,30,35,20,20,45,1,Normal
11,Metapod,Bug,,205,50,20,55,25,25,30,1,Normal
12,Butterfree,Bug,Flying,395,60,45,50,90,80,70,1,Normal
13,Weedle,Bug,Poison,195,40,35,30,20,20,50,1,Normal
14,Kakuna,Bug,Poison,205,45,25,50,25,25,35,1,Normal
15,Beedrill,Bug,Poison,395,65,90,40,45,80,75,1,Normal
15,Mega Beedrill,Bug,Poison,495,65,150,40,15,80,145,1,Normal
16,Pidgey,Normal,Flying,251,40,45,40,35,35,56,1,Normal
17,Pidgeotto,Normal,Flying,349,63,60,55,50,50,71,1,Normal
18,Pidgeot,Normal,Flying,479,83,80,75,70,70,101,1,Normal
18,Mega Pidgeot,Normal,Flying,579,83,80,80,135,80,121,1,Normal
19,Rattata,Normal,,253,30,56,35,25,35,72,1,Normal
19,Alolan Rattata,Dark,Normal,253,30,56,35,25,35,72,1,Normal
20,Raticate,Normal,,413,55,81,60,50,70,97,1,Normal
20,Alolan Raticate,Dark,Normal,413,75,71,70,40,80,77,1,Normal
21,Spearow,Normal,Flying,262,40,60,30,31,31,70,1,Normal
22,Fearow,Normal,Flying,442,65,90,65,61,61,100,1,Normal
23,Ekans,Poison,,288,35,60,44,40,54,55,1,Normal
24,Arbok,Poison,,448,60,95,69,65,79,80,1,Normal
25,Pikachu,Electric,,320,35,55,40,50,50,90,1,Normal
25,Partner Pikachu,Electric,,430,45,80,50,75,60,120,1,Normal
26,Raichu,Electric,,485,60,90,55,90,80,110,1,Normal
26,Alolan Raichu,Electric,Psychic,485,60,85,50,95,85,110,1,Normal
27,Sandshrew,Ground,,300,50,75,85,20,30,40,1,Normal
27,Alolan Sandshrew,Ice,Steel,300,50,75,90,10,35,40,1,Normal
28,Sandslash,Ground,,450,75,100,110,45,55,65,1,Normal
28,Alolan Sandslash,Ice,Steel,450,75,100,120,25,65,65,1,Normal
29,Nidoran♀,Poison,,275,55,47,52,40,40,41,1,Normal
30,Nidorina,Poison,,365,70,62,67,55,55,56,1,Normal
31,Nidoqueen,Poison,Ground,505,90,92,87,75,85,76,1,Normal
32,Nidoran♂,Poison,,273,46,57,40,40,40,50,1,Normal
33,Nidorino,Poison,,365,61,72,57,55,55,65,1,Normal
34,Nidoking,Poison,Ground,505,81,102,77,85,75,85,1,Normal
35,Clefairy,Fairy,,323,70,45,48,60,65,35,1,Normal
36,Clefable,Fairy,,483,95,70,73,95,90,60,1,Normal
37,Vulpix,Fire,,299,38,41,40,50,65,65,1,Normal
37,Alolan Vulpix,Ice,,299,38,41,40,50,65,65,1,Normal
38,Ninetales,Fire,,505,73,76,75,81,100,100,1,Normal
38,Alolan Ninetales,Ice,Fairy,505,73,67,75,81,100,109,1,Normal
39,Jigglypuff,Normal,Fairy,270,115,45,20,45,25,20,1,Normal
40,Wigglytuff,Normal,Fairy,435,140,70,45,85,50,45,1,Normal
41,Zubat,Poison,Flying,245,40,45,35,30,40,55,1,Normal
42,Golbat,Poison,Flying,455,75,80,70,65,75,90,1,Normal
43,Oddish,Grass,Poison,320,45,50,55,75,65,30,1,Normal
44,Gloom,Grass,Poison,395,60,65,70,85,75,40,1,Normal
45,Vileplume,Grass,Poison,490,75,80,85,110,90,50,1,Normal
46,Paras,Bug,Grass,285,35,70,55,45,55,25,1,Normal
47,Parasect,Bug,Grass,405,60,95,80,60,80,30,1,Normal
48,Venonat,Bug,Poison,305,60,55,50,40,55,45,1,Normal
49,Venomoth,Bug,Poison,450,70,65,60,90,75,90,1,Normal
50,Diglett,Ground,,265,10,55,25,35,45,95,1,Normal
50,Alolan Diglett,Ground,Steel,265,10,55,30,35,45,90,1,Normal
51,Dugtrio,Ground,,425,35,100,50,50,70,120,1,Normal
51,Alolan Dugtrio,Ground,Steel,425,35,100,60,50,70,110,1,Normal
52,Meowth,Normal,,290,40,45,35,40,40,90,1,Normal
52,Alolan Meowth,Dark,,290,40,35,35,50,40,90,1,Normal
52,Galarian Meowth,Steel,,290,50,65,55,40,40,40,1,Normal
53,Persian,Normal,,440,65,70,60,65,65,115,1,Normal
53,Alolan Persian,Dark,,440,65,60,60,75,65,115,1,Normal
54,Psyduck,Water,,320,50,52,48,65,50,55,1,Normal
55,Golduck,Water,,500,80,82,78,95,80,85,1,Normal
56,Mankey,Fighting,,305,40,80,35,35,45,70,1,Normal
57,Primeape,Fighting,,455,65,105,60,60,70,95,1,Normal
58,Growlithe,Fire,,350,55,70,45,70,50,60,1,Normal
59,Arcanine,Fire,,555,90,110,80,100,80,95,1,Normal
60,Poliwag,Water,,300,40,50,40,40,40,90,1,Normal
61,Poliwhirl,Water,,385,65,65,65,50,50,90,1,Normal
62,Poliwrath,Water,Fighting,510,90,95,95,70,90,70,1,Normal
63,Abra,Psychic,,310,25,20,15,105,55,90,1,Normal
64,Kadabra,Psychic,,400,40,35,30,120,70,105,1,Normal
65,Alakazam,Psychic,,500,55,50,45,135,95,120,1,Normal
65,Mega Alakazam,Psychic,,600,55,50,65,175,105,150,1,Normal
66,Machop,Fighting,,305,70,80,50,35,35,35,1,Normal
67,Machoke,Fighting,,405,80,100,70,50,60,45,1,Normal
68,Machamp,Fighting,,505,90,130,80,65,85,55,1,Normal
69,Bellsprout,Grass,Poison,300,50,75,35,70,30,40,1,Normal
70,Weepinbell,Grass,Poison,390,65,90,50,85,45,55,1,Normal
71,Victreebel,Grass,Poison,490,80,105,65,100,70,70,1,Normal
72,Tentacool,Water,Poison,335,40,40,35,50,100,70,1,Normal
73,Tentacruel,Water,Poison,515,80,70,65,80,120,100,1,Normal
74,Geodude,Rock,Ground,300,40,80,100,30,30,20,1,Normal
74,Alolan Geodude,Rock,Electric,300,40,80,100,30,30,20,1,Normal
75,Graveler,Rock,Ground,390,55,95,115,45,45,35,1,Normal
75,Alolan Graveler,Rock,Electric,390,55,95,115,45,45,35,1,Normal
76,Golem,Rock,Ground,495,80,120,130,55,65,45,1,Normal
76,Alolan Golem,Rock,Electric,495,80,120,130,55,65,45,1,Normal
77,Ponyta,Fire,,410,50,85,55,65,65,90,1,Normal
77,Galarian Ponyta,Psychic,,410,50,85,55,65,65,90,1,Normal
78,Rapidash,Fire,,500,65,100,70,80,80,105,1,Normal
78,Galarian Rapidash,Psychic,Fairy,500,65,100,70,80,80,105,1,Normal
79,Slowpoke,Water,Psychic,315,90,65,65,40,40,15,1,Normal
80,Slowbro,Water,Psychic,490,95,75,110,100,80,30,1,Normal
80,Mega Slowbro,Water,Psychic,590,95,75,180,130,80,30,1,Normal
81,Magnemite,Electric,Steel,325,25,35,70,95,55,45,1,Normal
82,Magneton,Electric,Steel,465,50,60,95,120,70,70,1,Normal
83,Farfetch'd,Normal,Flying,377,52,90,55,58,62,60,1,Normal
83,Galarian Farfetch'd,Fighting,,377,52,95,55,58,62,55,1,Normal
84,Doduo,Normal,Flying,310,35,85,45,35,35,75,1,Normal
85,Dodrio,Normal,Flying,470,60,110,70,60,60,110,1,Normal
86,Seel,Water,,325,65,45,55,45,70,45,1,Normal
87,Dewgong,Water,Ice,475,90,70,80,70,95,70,1,Normal
88,Grimer,Poison,,325,80,80,50,40,50,25,1,Normal
88,Alolan Grimer,Poison,Dark,325,80,80,50,40,50,25,1,Normal
89,Muk,Poison,,500,105,105,75,65,100,50,1,Normal
89,Alolan Muk,Poison,Dark,500,105,105,75,65,100,50,1,Normal
90,Shellder,Water,,305,30,65,100,45,25,40,1,Normal
91,Cloyster,Water,Ice,525,50,95,180,85,45,70,1,Normal
92,Gastly,Ghost,Poison,310,30,35,30,100,35,80,1,Normal
93,Haunter,Ghost,Poison,405,45,50,45,115,55,95,1,Normal
94,Gengar,Ghost,Poison,500,60,65,60,130,75,110,1,Normal
94,Mega Gengar,Ghost,Poison,600,60,65,80,170,95,130,1,Normal
95,Onix,Rock,Ground,385,35,45,160,30,45,70,1,Normal
96,Drowzee,Psychic,,328,60,48,45,43,90,42,1,Normal
97,Hypno,Psychic,,483,85,73,70,73,115,67,1,Normal
98,Krabby,Water,,325,30,105,90,25,25,50,1,Normal
99,Kingler,Water,,475,55,130,115,50,50,75,1,Normal
100,Voltorb,Electric,,330,40,30,50,55,55,100,1,Normal
101,Electrode,Electric,,490,60,50,70,80,80,150,1,Normal
102,Exeggcute,Grass,Psychic,325,60,40,80,60,45,40,1,Normal
103,Exeggutor,Grass,Psychic,530,95,95,85,125,75,55,1,Normal
103,Alolan Exeggutor,Grass,Dragon,530,95,105,85,125,75,45,1,Normal
104,Cubone,Ground,,320,50,50,95,40,50,35,1,Normal
105,Marowak,Ground,,425,60,80,110,50,80,45,1,Normal
105,Alolan Marowak,Fire,Ghost,425,60,80,110,50,80,45,1,Normal
106,Hitmonlee,Fighting,,455,50,120,53,35,110,87,1,Normal
107,Hitmonchan,Fighting,,455,50,105,79,35,110,76,1,Normal
108,Lickitung,Normal,,385,90,55,75,60,75,30,1,Normal
109,Koffing,Poison,,340,40,65,95,60,45,35,1,Normal
110,Weezing,Poison,,490,65,90,120,85,70,60,1,Normal
110,Galarian Weezing,Poison,Fairy,490,65,90,120,85,70,60,1,Normal
111,Rhyhorn,Ground,Rock,345,80,85,95,30,30,25,1,Normal
112,Rhydon,Ground,Rock,485,105,130,120,45,45,40,1,Normal
113,Chansey,Normal,,450,250,5,5,35,105,50,1,Normal
114,Tangela,Grass,,435,65,55,115,100,40,60,1,Normal
115,Kangaskhan,Normal,,490,105,95,80,40,80,90,1,Normal
115,Mega Kangaskhan,Normal,,590,105,125,100,60,100,100,1,Normal
116,Horsea,Water,,295,30,40,70,70,25,60,1,Normal
117,Seadra,Water,,440,55,65,95,95,45,85,1,Normal
118,Goldeen,Water,,320,45,67,60,35,50,63,1,Normal
119,Seaking,Water,,450,80,92,65,65,80,68,1,Normal
120,Staryu,Water,,340,30,45,55,70,55,85,1,Normal
121,Starmie,Water,Psychic,520,60,75,85,100,85,115,1,Normal
122,Mr. Mime,Psychic,Fairy,460,40,45,65,100,120,90,1,Normal
122,Galarian Mr. Mime,Psychic,Ice,460,50,65,65,90,90,100,1,Normal
123,Scyther,Bug,Flying,500,70,110,80,55,80,105,1,Normal
124,Jynx,Ice,Psychic,455,65,50,35,115,95,95,1,Normal
125,Electabuzz,Electric,,490,65,83,57,95,85,105,1,Normal
126,Magmar,Fire,,495,65,95,57,100,85,93,1,Normal
127,Pinsir,Bug,,500,65,125,100,55,70,85,1,Normal
127,Mega Pinsir,Bug,Flying,600,65,155,120,65,90,105,1,Normal
128,Tauros,Normal,,490,75,100,95,40,70,110,1,Normal
129,Magikarp,Water,,200,20,10,55,15,20,80,1,Normal
130,Gyarados,Water,Flying,540,95,125,79,60,100,81,1,Normal
130,Mega Gyarados,Water,Dark,640,95,155,109,70,130,81,1,Normal
131,Lapras,Water,Ice,535,130,85,80,85,95,60,1,Normal
132,Ditto,Normal,,288,48,48,48,48,48,48,1,Normal
133,Eevee,Normal,,325,55,55,50,45,65,55,1,Normal
133,Partner Eevee,Normal,,435,65,75,70,65,85,75,1,Normal
134,Vaporeon,Water,,525,130,65,60,110,95,65,1,Normal
135,Jolteon,Electric,,525,65,65,60,110,95,130,1,Normal
136,Flareon,Fire,,525,65,130,60,95,110,65,1,Normal
137,Porygon,Normal,,395,65,60,70,85,75,40,1,Normal
138,Omanyte,Rock,Water,355,35,40,100,90,55,35,1,Normal
139,Omastar,Rock,Water,495,70,60,125,115,70,55,1,Normal
140,Kabuto,Rock,Water,355,30,80,90,55,45,55,1,Normal
141,Kabutops,Rock,Water,495,60,115,105,65,70,80,1,Normal
142,Aerodactyl,Rock,Flying,515,80,105,65,60,75,130,1,Normal
142,Mega Aerodactyl,Rock,Flying,615,80,135,85,70,95,150,1,Normal
143,Snorlax,Normal,,540,160,110,65,65,110,30,1,Normal
144,Articuno,Ice,Flying,580,90,85,100,95,125,85,1,Sub Legendary
145,Zapdos,Electric,Flying,580,90,90,85,125,90,100,1,Sub Legendary
146,Moltres,Fire,Flying,580,90,100,90,125,85,90,1,Sub Legendary
147,Dratini,Dragon,,300,41,64,45,50,50,50,1,Normal
148,Dragonair,Dragon,,420,61,84,65,70,70,70,1,Normal
149,Dragonite,Dragon,Flying,600,91,134,95,100,100,80,1,Normal
150,Mewtwo,Psychic,,680,106,110,90,154,90,130,1,Legendary
150,Mega Mewtwo X,Psychic,Fighting,780,106,190,100,154,100,130,1,Legendary
150,Mega Mewtwo Y,Psychic,,780,106,150,70,194,120,140,1,Legendary
151,Mew,Psychic,,600,100,100,100,100,100,100,1,Mythical
152,Chikorita,Grass,,318,45,49,65,49,65,45,2,Normal
153,Bayleef,Grass,,405,60,62,80,63,80,60,2,Normal
154,Meganium,Grass,,525,80,82,100,83,100,80,2,Normal
155,Cyndaquil,Fire,,309,39,52,43,60,50,65,2,Normal
156,Quilava,Fire,,405,58,64,58,80,65,80,2,Normal
157,Typhlosion,Fire,,534,78,84,78,109,85,100,2,Normal
158,Totodile,Water,,314,50,65,64,44,48,43,2,Normal
159,Croconaw,Water,,405,65,80,80,59,63,58,2,Normal
160,Feraligatr,Water,,530,85,105,100,79,83,78,2,Normal
161,Sentret,Normal,,215,35,46,34,35,45,20,2,Normal
162,Furret,Normal,,415,85,76,64,45,55,90,2,Normal
163,Hoothoot,Normal,Flying,262,60,30,30,36,56,50,2,Normal
164,Noctowl,Normal,Flying,452,100,50,50,86,96,70,2,Normal
165,Ledyba,Bug,Flying,265,40,20,30,40,80,55,2,Normal
166,Ledian,Bug,Flying,390,55,35,50,55,110,85,2,Normal
167,Spinarak,Bug,Poison,250,40,60,40,40,40,30,2,Normal
168,Ariados,Bug,Poison,400,70,90,70,60,70,40,2,Normal
169,Crobat,Poison,Flying,535,85,90,80,70,80,130,2,Normal
170,Chinchou,Water,Electric,330,75,38,38,56,56,67,2,Normal
171,Lanturn,Water,Electric,460,125,58,58,76,76,67,2,Normal
172,Pichu,Electric,,205,20,40,15,35,35,60,2,Normal
173,Cleffa,Fairy,,218,50,25,28,45,55,15,2,Normal
174,Igglybuff,Normal,Fairy,210,90,30,15,40,20,15,2,Normal
175,Togepi,Fairy,,245,35,20,65,40,65,20,2,Normal
176,Togetic,Fairy,Flying,405,55,40,85,80,105,40,2,Normal
177,Natu,Psychic,Flying,320,40,50,45,70,45,70,2,Normal
178,Xatu,Psychic,Flying,470,65,75,70,95,70,95,2,Normal
179,Mareep,Electric,,280,55,40,40,65,45,35,2,Normal
180,Flaaffy,Electric,,365,70,55,55,80,60,45,2,Normal
181,Ampharos,Electric,,510,90,75,85,115,90,55,2,Normal
181,Mega Ampharos,Electric,Dragon,610,90,95,105,165,110,45,2,Normal
182,Bellossom,Grass,,490,75,80,95,90,100,50,2,Normal
183,Marill,Water,Fairy,250,70,20,50,20,50,40,2,Normal
184,Azumarill,Water,Fairy,420,100,50,80,60,80,50,2,Normal
185,Sudowoodo,Rock,,410,70,100,115,30,65,30,2,Normal
186,Politoed,Water,,500,90,75,75,90,100,70,2,Normal
187,Hoppip,Grass,Flying,250,35,35,40,35,55,50,2,Normal
188,Skiploom,Grass,Flying,340,55,45,50,45,65,80,2,Normal
189,Jumpluff,Grass,Flying,460,75,55,70,55,95,110,2,Normal
190,Aipom,Normal,,360,55,70,55,40,55,85,2,Normal
191,Sunkern,Grass,,180,30,30,30,30,30,30,2,Normal
192,Sunflora,Grass,,425,75,75,55,105,85,30,2,Normal
193,Yanma,Bug,Flying,390,65,65,45,75,45,95,2,Normal
194,Wooper,Water,Ground,210,55,45,45,25,25,15,2,Normal
195,Quagsire,Water,Ground,430,95,85,85,65,65,35,2,Normal
196,Espeon,Psychic,,525,65,65,60,130,95,110,2,Normal
197,Umbreon,Dark,,525,95,65,110,60,130,65,2,Normal
198,Murkrow,Dark,Flying,405,60,85,42,85,42,91,2,Normal
199,Slowking,Water,Psychic,490,95,75,80,100,110,30,2,Normal
200,Misdreavus,Ghost,,435,60,60,60,85,85,85,2,Normal
201,Unown,Psychic,,336,48,72,48,72,48,48,2,Normal
202,Wobbuffet,Psychic,,405,190,33,58,33,58,33,2,Normal
203,Girafarig,Normal,Psychic,455,70,80,65,90,65,85,2,Normal
204,Pineco,Bug,,290,50,65,90,35,35,15,2,Normal
205,Forretress,Bug,Steel,465,75,90,140,60,60,40,2,Normal
206,Dunsparce,Normal,,415,100,70,70,65,65,45,2,Normal
207,Gligar,Ground,Flying,430,65,75,105,35,65,85,2,Normal
208,Steelix,Steel,Ground,510,75,85,200,55,65,30,2,Normal
208,Mega Steelix,Steel,Ground,610,75,125,230,55,95,30,2,Normal
209,Snubbull,Fairy,,300,60,80,50,40,40,30,2,Normal
210,Granbull,Fairy,,450,90,120,75,60,60,45,2,Normal
211,Qwilfish,Water,Poison,440,65,95,85,55,55,85,2,Normal
212,Scizor,Bug,Steel,500,70,130,100,55,80,65,2,Normal
212,Mega Scizor,Bug,Steel,600,70,150,140,65,100,75,2,Normal
213,Shuckle,Bug,Rock,505,20,10,230,10,230,5,2,Normal
214,Heracross,Bug,Fighting,500,80,125,75,40,95,85,2,Normal
214,Mega Heracross,Bug,Fighting,600,80,185,115,40,105,75,2,Normal
215,Sneasel,Dark,Ice,430,55,95,55,35,75,115,2,Normal
216,Teddiursa,Normal,,330,60,80,50,50,50,40,2,Normal
217,Ursaring,Normal,,500,90,130,75,75,75,55,2,Normal
218,Slugma,Fire,,250,40,40,40,70,40,20,2,Normal
219,Magcargo,Fire,Rock,430,60,50,120,90,80,30,2,Normal
220,Swinub,Ice,Ground,250,50,50,40,30,30,50,2,Normal
221,Piloswine,Ice,Ground,450,100,100,80,60,60,50,2,Normal
222,Corsola,Water,Rock,410,65,55,95,65,95,35,2,Normal
222,Galarian Corsola,Ghost,,410,60,55,100,65,100,30,2,Normal
223,Remoraid,Water,,300,35,65,35,65,35,65,2,Normal
224,Octillery,Water,,480,75,105,75,105,75,45,2,Normal
225,Delibird,Ice,Flying,330,45,55,45,65,45,75,2,Normal
226,Mantine,Water,Flying,485,85,40,70,80,140,70,2,Normal
227,Skarmory,Steel,Flying,465,65,80,140,40,70,70,2,Normal
228,Houndour,Dark,Fire,330,45,60,30,80,50,65,2,Normal
229,Houndoom,Dark,Fire,500,75,90,50,110,80,95,2,Normal
229,Mega Houndoom,Dark,Fire,600,75,90,90,140,90,115,2,Normal
230,Kingdra,Water,Dragon,540,75,95,95,95,95,85,2,Normal
231,Phanpy,Ground,,330,90,60,60,40,40,40,2,Normal
232,Donphan,Ground,,500,90,120,120,60,60,50,2,Normal
233,Porygon2,Normal,,515,85,80,90,105,95,60,2,Normal
234,Stantler,Normal,,465,73,95,62,85,65,85,2,Normal
235,Smeargle,Normal,,250,55,20,35,20,45,75,2,Normal
236,Tyrogue,Fighting,,210,35,35,35,35,35,35,2,Normal
237,Hitmontop,Fighting,,455,50,95,95,35,110,70,2,Normal
238,Smoochum,Ice,Psychic,305,45,30,15,85,65,65,2,Normal
239,Elekid,Electric,,360,45,63,37,65,55,95,2,Normal
240,Magby,Fire,,365,45,75,37,70,55,83,2,Normal
241,Miltank,Normal,,490,95,80,105,40,70,100,2,Normal
242,Blissey,Normal,,540,255,10,10,75,135,55,2,Normal
243,Raikou,Electric,,580,90,85,75,115,100,115,2,Sub Legendary
244,Entei,Fire,,580,115,115,85,90,75,100,2,Sub Legendary
245,Suicune,Water,,580,100,75,115,90,115,85,2,Sub Legendary
246,Larvitar,Rock,Ground,300,50,64,50,45,50,41,2,Normal
247,Pupitar,Rock,Ground,410,70,84,70,65,70,51,2,Normal
248,Tyranitar,Rock,Dark,600,100,134,110,95,100,61,2,Normal
248,Mega Tyranitar,Rock,Dark,700,100,164,150,95,120,71,2,Normal
249,Lugia,Psychic,Flying,680,106,90,130,90,154,110,2,Legendary
250,Ho-oh,Fire,Flying,680,106,130,90,110,154,90,2,Legendary
251,Celebi,Psychic,Grass,600,100,100,100,100,100,100,2,Mythical
252,Treecko,Grass,,310,40,45,35,65,55,70,3,Normal
253,Grovyle,Grass,,405,50,65,45,85,65,95,3,Normal
254,Sceptile,Grass,,530,70,85,65,105,85,120,3,Normal
254,Mega Sceptile,Grass,Dragon,630,70,110,75,145,85,145,3,Normal
255,Torchic,Fire,,310,45,60,40,70,50,45,3,Normal
256,Combusken,Fire,Fighting,405,60,85,60,85,60,55,3,Normal
257,Blaziken,Fire,Fighting,530,80,120,70,110,70,80,3,Normal
257,Mega Blaziken,Fire,Fighting,630,80,160,80,130,80,100,3,Normal
258,Mudkip,Water,,310,50,70,50,50,50,40,3,Normal
259,Marshtomp,Water,Ground,405,70,85,70,60,70,50,3,Normal
260,Swampert,Water,Ground,535,100,110,90,85,90,60,3,Normal
260,Mega Swampert,Water,Ground,635,100,150,110,95,110,70,3,Normal
261,Poochyena,Dark,,220,35,55,35,30,30,35,3,Normal
262,Mightyena,Dark,,420,70,90,70,60,60,70,3,Normal
263,Zigzagoon,Normal,,240,38,30,41,30,41,60,3,Normal
263,Galarian Zigzagoon,Dark,Normal,240,38,30,41,30,41,60,3,Normal
264,Linoone,Normal,,420,78,70,61,50,61,100,3,Normal
264,Galarian Linoone,Dark,Normal,420,78,70,61,50,61,100,3,Normal
265,Wurmple,Bug,,195,45,45,35,20,30,20,3,Normal
266,Silcoon,Bug,,205,50,35,55,25,25,15,3,Normal
267,Beautifly,Bug,Flying,395,60,70,50,100,50,65,3,Normal
268,Cascoon,Bug,,205,50,35,55,25,25,15,3,Normal
269,Dustox,Bug,Poison,385,60,50,70,50,90,65,3,Normal
270,Lotad,Water,Grass,220,40,30,30,40,50,30,3,Normal
271,Lombre,Water,Grass,340,60,50,50,60,70,50,3,Normal
272,Ludicolo,Water,Grass,480,80,70,70,90,100,70,3,Normal
273,Seedot,Grass,,220,40,40,50,30,30,30,3,Normal
274,Nuzleaf,Grass,Dark,340,70,70,40,60,40,60,3,Normal
275,Shiftry,Grass,Dark,480,90,100,60,90,60,80,3,Normal
276,Taillow,Normal,Flying,270,40,55,30,30,30,85,3,Normal
277,Swellow,Normal,Flying,455,60,85,60,75,50,125,3,Normal
278,Wingull,Water,Flying,270,40,30,30,55,30,85,3,Normal
279,Pelipper,Water,Flying,440,60,50,100,95,70,65,3,Normal
280,Ralts,Psychic,Fairy,198,28,25,25,45,35,40,3,Normal
281,Kirlia,Psychic,Fairy,278,38,35,35,65,55,50,3,Normal
282,Gardevoir,Psychic,Fairy,518,68,65,65,125,115,80,3,Normal
282,Mega Gardevoir,Psychic,Fairy,618,68,85,65,165,135,100,3,Normal
283,Surskit,Bug,Water,269,40,30,32,50,52,65,3,Normal
284,Masquerain,Bug,Flying,454,70,60,62,100,82,80,3,Normal
285,Shroomish,Grass,,295,60,40,60,40,60,35,3,Normal
286,Breloom,Grass,Fighting,460,60,130,80,60,60,70,3,Normal
287,Slakoth,Normal,,280,60,60,60,35,35,30,3,Normal
288,Vigoroth,Normal,,440,80,80,80,55,55,90,3,Normal
289,Slaking,Normal,,670,150,160,100,95,65,100,3,Normal
290,Nincada,Bug,Ground,266,31,45,90,30,30,40,3,Normal
291,Ninjask,Bug,Flying,456,61,90,45,50,50,160,3,Normal
292,Shedinja,Bug,Ghost,236,1,90,45,30,30,40,3,Normal
293,Whismur,Normal,,240,64,51,23,51,23,28,3,Normal
294,Loudred,Normal,,360,84,71,43,71,43,48,3,Normal
295,Exploud,Normal,,490,104,91,63,91,73,68,3,Normal
296,Makuhita,Fighting,,237,72,60,30,20,30,25,3,Normal
297,Hariyama,Fighting,,474,144,120,60,40,60,50,3,Normal
298,Azurill,Normal,Fairy,190,50,20,40,20,40,20,3,Normal
299,Nosepass,Rock,,375,30,45,135,45,90,30,3,Normal
300,Skitty,Normal,,260,50,45,45,35,35,50,3,Normal
301,Delcatty,Normal,,400,70,65,65,55,55,90,3,Normal
302,Sableye,Dark,Ghost,380,50,75,75,65,65,50,3,Normal
302,Mega Sableye,Dark,Ghost,480,50,85,125,85,115,20,3,Normal
303,Mawile,Steel,Fairy,380,50,85,85,55,55,50,3,Normal
303,Mega Mawile,Steel,Fairy,480,50,105,125,55,95,50,3,Normal
304,Aron,Steel,Rock,330,50,70,100,40,40,30,3,Normal
305,Lairon,Steel,Rock,430,60,90,140,50,50,40,3,Normal
306,Aggron,Steel,Rock,530,70,110,180,60,60,50,3,Normal
306,Mega Aggron,Steel,,630,70,140,230,60,80,50,3,Normal
307,Meditite,Fighting,Psychic,280,30,40,55,40,55,60,3,Normal
308,Medicham,Fighting,Psychic,410,60,60,75,60,75,80,3,Normal
308,Mega Medicham,Fighting,Psychic,510,60,100,85,80,85,100,3,Normal
309,Electrike,Electric,,295,40,45,40,65,40,65,3,Normal
310,Manectric,Electric,,475,70,75,60,105,60,105,3,Normal
310,Mega Manectric,Electric,,575,70,75,80,135,80,135,3,Normal
311,Plusle,Electric,,405,60,50,40,85,75,95,3,Normal
312,Minun,Electric,,405,60,40,50,75,85,95,3,Normal
313,Volbeat,Bug,,430,65,73,75,47,85,85,3,Normal
314,Illumise,Bug,,430,65,47,75,73,85,85,3,Normal
315,Roselia,Grass,Poison,400,50,60,45,100,80,65,3,Normal
316,Gulpin,Poison,,302,70,43,53,43,53,40,3,Normal
317,Swalot,Poison,,467,100,73,83,73,83,55,3,Normal
318,Carvanha,Water,Dark,305,45,90,20,65,20,65,3,Normal
319,Sharpedo,Water,Dark,460,70,120,40,95,40,95,3,Normal
319,Mega Sharpedo,Water,Dark,560,70,140,70,110,65,105,3,Normal
320,Wailmer,Water,,400,130,70,35,70,35,60,3,Normal
321,Wailord,Water,,500,170,90,45,90,45,60,3,Normal
322,Numel,Fire,Ground,305,60,60,40,65,45,35,3,Normal
323,Camerupt,Fire,Ground,460,70,100,70,105,75,40,3,Normal
323,Mega Camerupt,Fire,Ground,560,70,120,100,145,105,20,3,Normal
324,Torkoal,Fire,,470,70,85,140,85,70,20,3,Normal
325,Spoink,Psychic,,330,60,25,35,70,80,60,3,Normal
326,Grumpig,Psychic,,470,80,45,65,90,110,80,3,Normal
327,Spinda,Normal,,360,60,60,60,60,60,60,3,Normal
328,Trapinch,Ground,,290,45,100,45,45,45,10,3,Normal
329,Vibrava,Ground,Dragon,340,50,70,50,50,50,70,3,Normal
330,Flygon,Ground,Dragon,520,80,100,80,80,80,100,3,Normal
331,Cacnea,Grass,,335,50,85,40,85,40,35,3,Normal
332,Cacturne,Grass,Dark,475,70,115,60,115,60,55,3,Normal
333,Swablu,Normal,Flying,310,45,40,60,40,75,50,3,Normal
334,Altaria,Dragon,Flying,490,75,70,90,70,105,80,3,Normal
334,Mega Altaria,Dragon,Fairy,590,75,110,110,110,105,80,3,Normal
335,Zangoose,Normal,,458,73,115,60,60,60,90,3,Normal
336,Seviper,Poison,,458,73,100,60,100,60,65,3,Normal
337,Lunatone,Rock,Psychic,460,90,55,65,95,85,70,3,Normal
338,Solrock,Rock,Psychic,460,90,95,85,55,65,70,3,Normal
339,Barboach,Water,Ground,288,50,48,43,46,41,60,3,Normal
340,Whiscash,Water,Ground,468,110,78,73,76,71,60,3,Normal
341,Corphish,Water,,308,43,80,65,50,35,35,3,Normal
342,Crawdaunt,Water,Dark,468,63,120,85,90,55,55,3,Normal
343,Baltoy,Ground,Psychic,300,40,40,55,40,70,55,3,Normal
344,Claydol,Ground,Psychic,500,60,70,105,70,120,75,3,Normal
345,Lileep,Rock,Grass,355,66,41,77,61,87,23,3,Normal
346,Cradily,Rock,Grass,495,86,81,97,81,107,43,3,Normal
347,Anorith,Rock,Bug,355,45,95,50,40,50,75,3,Normal
348,Armaldo,Rock,Bug,495,75,125,100,70,80,45,3,Normal
349,Feebas,Water,,200,20,15,20,10,55,80,3,Normal
350,Milotic,Water,,540,95,60,79,100,125,81,3,Normal
351,Castform,Normal,,420,70,70,70,70,70,70,3,Normal
351,Castform Sunny Form,Fire,,420,70,70,70,70,70,70,3,Normal
351,Castform Rainy Form,Water,,420,70,70,70,70,70,70,3,Normal
351,Castform Snowy Form,Ice,,420,70,70,70,70,70,70,3,Normal
352,Kecleon,Normal,,440,60,90,70,60,120,40,3,Normal
353,Shuppet,Ghost,,295,44,75,35,63,33,45,3,Normal
354,Banette,Ghost,,455,64,115,65,83,63,65,3,Normal
354,Mega Banette,Ghost,,555,64,165,75,93,83,75,3,Normal
355,Duskull,Ghost,,295,20,40,90,30,90,25,3,Normal
356,Dusclops,Ghost,,455,40,70,130,60,130,25,3,Normal
357,Tropius,Grass,Flying,460,99,68,83,72,87,51,3,Normal
358,Chimecho,Psychic,,455,75,50,80,95,90,65,3,Normal
359,Absol,Dark,,465,65,130,60,75,60,75,3,Normal
359,Mega Absol,Dark,,565,65,150,60,115,60,115,3,Normal
360,Wynaut,Psychic,,260,95,23,48,23,48,23,3,Normal
361,Snorunt,Ice,,300,50,50,50,50,50,50,3,Normal
362,Glalie,Ice,,480,80,80,80,80,80,80,3,Normal
362,Mega Glalie,Ice,,580,80,120,80,120,80,100,3,Normal
363,Spheal,Ice,Water,290,70,40,50,55,50,25,3,Normal
364,Sealeo,Ice,Water,410,90,60,70,75,70,45,3,Normal
365,Walrein,Ice,Water,530,110,80,90,95,90,65,3,Normal
366,Clamperl,Water,,345,35,64,85,74,55,32,3,Normal
367,Huntail,Water,,485,55,104,105,94,75,52,3,Normal
368,Gorebyss,Water,,485,55,84,105,114,75,52,3,Normal
369,Relicanth,Water,Rock,485,100,90,130,45,65,55,3,Normal
370,Luvdisc,Water,,330,43,30,55,40,65,97,3,Normal
371,Bagon,Dragon,,300,45,75,60,40,30,50,3,Normal
372,Shelgon,Dragon,,420,65,95,100,60,50,50,3,Normal
373,Salamence,Dragon,Flying,600,95,135,80,110,80,100,3,Normal
373,Mega Salamence,Dragon,Flying,700,95,145,130,120,90,120,3,Normal
374,Beldum,Steel,Psychic,300,40,55,80,35,60,30,3,Normal
375,Metang,Steel,Psychic,420,60,75,100,55,80,50,3,Normal
376,Metagross,Steel,Psychic,600,80,135,130,95,90,70,3,Normal
376,Mega Metagross,Steel,Psychic,700,80,145,150,105,110,110,3,Normal
377,Regirock,Rock,,580,80,100,200,50,100,50,3,Sub Legendary
378,Regice,Ice,,580,80,50,100,100,200,50,3,Sub Legendary
379,Registeel,Steel,,580,80,75,150,75,150,50,3,Sub Legendary
380,Latias,Dragon,Psychic,600,80,80,90,110,130,110,3,Sub Legendary
380,Mega Latias,Dragon,Psychic,700,80,100,120,140,150,110,3,Sub Legendary
381,Latios,Dragon,Psychic,600,80,90,80,130,110,110,3,Sub Legendary
381,Mega Latios,Dragon,Psychic,700,80,130,100,160,120,110,3,Sub Legendary
382,Kyogre,Water,,670,100,100,90,150,140,90,3,Legendary
382,Primal Kyogre,Water,,770,100,150,90,180,160,90,3,Legendary
383,Groudon,Ground,,670,100,150,140,100,90,90,3,Legendary
383,Primal Groudon,Ground,Fire,770,100,180,160,150,90,90,3,Legendary
384,Rayquaza,Dragon,Flying,680,105,150,90,150,90,95,3,Legendary
384,Mega Rayquaza,Dragon,Flying,780,105,180,100,180,100,115,3,Legendary
385,Jirachi,Steel,Psychic,600,100,100,100,100,100,100,3,Mythical
386,Deoxys Normal Forme,Psychic,,600,50,150,50,150,50,150,3,Mythical
386,Deoxys Attack Forme,Psychic,,600,50,180,20,180,20,150,3,Mythical
386,Deoxys Defense Forme,Psychic,,600,50,70,160,70,160,90,3,Mythical
386,Deoxys Speed Forme,Psychic,,600,50,95,90,95,90,180,3,Mythical
387,Turtwig,Grass,,318,55,68,64,45,55,31,4,Normal
388,Grotle,Grass,,405,75,89,85,55,65,36,4,Normal
389,Torterra,Grass,Ground,525,95,109,105,75,85,56,4,Normal
390,Chimchar,Fire,,309,44,58,44,58,44,61,4,Normal
391,Monferno,Fire,Fighting,405,64,78,52,78,52,81,4,Normal
392,Infernape,Fire,Fighting,534,76,104,71,104,71,108,4,Normal
393,Piplup,Water,,314,53,51,53,61,56,40,4,Normal
394,Prinplup,Water,,405,64,66,68,81,76,50,4,Normal
395,Empoleon,Water,Steel,530,84,86,88,111,101,60,4,Normal
396,Starly,Normal,Flying,245,40,55,30,30,30,60,4,Normal
397,Staravia,Normal,Flying,340,55,75,50,40,40,80,4,Normal
398,Staraptor,Normal,Flying,485,85,120,70,50,60,100,4,Normal
399,Bidoof,Normal,,250,59,45,40,35,40,31,4,Normal
400,Bibarel,Normal,Water,410,79,85,60,55,60,71,4,Normal
401,Kricketot,Bug,,194,37,25,41,25,41,25,4,Normal
402,Kricketune,Bug,,384,77,85,51,55,51,65,4,Normal
403,Shinx,Electric,,263,45,65,34,40,34,45,4,Normal
404,Luxio,Electric,,363,60,85,49,60,49,60,4,Normal
405,Luxray,Electric,,523,80,120,79,95,79,70,4,Normal
406,Budew,Grass,Poison,280,40,30,35,50,70,55,4,Normal
407,Roserade,Grass,Poison,515,60,70,65,125,105,90,4,Normal
408,Cranidos,Rock,,350,67,125,40,30,30,58,4,Normal
409,Rampardos,Rock,,495,97,165,60,65,50,58,4,Normal
410,Shieldon,Rock,Steel,350,30,42,118,42,88,30,4,Normal
411,Bastiodon,Rock,Steel,495,60,52,168,47,138,30,4,Normal
412,Burmy,Bug,,224,40,29,45,29,45,36,4,Normal
413,Wormadam Plant Cloak,Bug,Grass,424,60,59,85,79,105,36,4,Normal
413,Wormadam Sandy Cloak,Bug,Ground,424,60,79,105,59,85,36,4,Normal
413,Wormadam Trash Cloak,Bug,Steel,424,60,69,95,69,95,36,4,Normal
414,Mothim,Bug,Flying,424,70,94,50,94,50,66,4,Normal
415,Combee,Bug,Flying,244,30,30,42,30,42,70,4,Normal
416,Vespiquen,Bug,Flying,474,70,80,102,80,102,40,4,Normal
417,Pachirisu,Electric,,405,60,45,70,45,90,95,4,Normal
418,Buizel,Water,,330,55,65,35,60,30,85,4,Normal
419,Floatzel,Water,,495,85,105,55,85,50,115,4,Normal
420,Cherubi,Grass,,275,45,35,45,62,53,35,4,Normal
421,Cherrim,Grass,,450,70,60,70,87,78,85,4,Normal
422,Shellos,Water,,325,76,48,48,57,62,34,4,Normal
423,Gastrodon,Water,Ground,475,111,83,68,92,82,39,4,Normal
424,Ambipom,Normal,,482,75,100,66,60,66,115,4,Normal
425,Drifloon,Ghost,Flying,348,90,50,34,60,44,70,4,Normal
426,Drifblim,Ghost,Flying,498,150,80,44,90,54,80,4,Normal
427,Buneary,Normal,,350,55,66,44,44,56,85,4,Normal
428,Lopunny,Normal,,480,65,76,84,54,96,105,4,Normal
428,Mega Lopunny,Normal,Fighting,580,65,136,94,54,96,135,4,Normal
429,Mismagius,Ghost,,495,60,60,60,105,105,105,4,Normal
430,Honchkrow,Dark,Flying,505,100,125,52,105,52,71,4,Normal
431,Glameow,Normal,,310,49,55,42,42,37,85,4,Normal
432,Purugly,Normal,,452,71,82,64,64,59,112,4,Normal
433,Chingling,Psychic,,285,45,30,50,65,50,45,4,Normal
434,Stunky,Poison,Dark,329,63,63,47,41,41,74,4,Normal
435,Skuntank,Poison,Dark,479,103,93,67,71,61,84,4,Normal
436,Bronzor,Steel,Psychic,300,57,24,86,24,86,23,4,Normal
437,Bronzong,Steel,Psychic,500,67,89,116,79,116,33,4,Normal
438,Bonsly,Rock,,290,50,80,95,10,45,10,4,Normal
439,Mime Jr.,Psychic,Fairy,310,20,25,45,70,90,60,4,Normal
440,Happiny,Normal,,220,100,5,5,15,65,30,4,Normal
441,Chatot,Normal,Flying,411,76,65,45,92,42,91,4,Normal
442,Spiritomb,Ghost,Dark,485,50,92,108,92,108,35,4,Normal
443,Gible,Dragon,Ground,300,58,70,45,40,45,42,4,Normal
444,Gabite,Dragon,Ground,410,68,90,65,50,55,82,4,Normal
445,Garchomp,Dragon,Ground,600,108,130,95,80,85,102,4,Normal
445,Mega Garchomp,Dragon,Ground,700,108,170,115,120,95,92,4,Normal
446,Munchlax,Normal,,390,135,85,40,40,85,5,4,Normal
447,Riolu,Fighting,,285,40,70,40,35,40,60,4,Normal
448,Lucario,Fighting,Steel,525,70,110,70,115,70,90,4,Normal
448,Mega Lucario,Fighting,Steel,625,70,145,88,140,70,112,4,Normal
449,Hippopotas,Ground,,330,68,72,78,38,42,32,4,Normal
450,Hippowdon,Ground,,525,108,112,118,68,72,47,4,Normal
451,Skorupi,Poison,Bug,330,40,50,90,30,55,65,4,Normal
452,Drapion,Poison,Dark,500,70,90,110,60,75,95,4,Normal
453,Croagunk,Poison,Fighting,300,48,61,40,61,40,50,4,Normal
454,Toxicroak,Poison,Fighting,490,83,106,65,86,65,85,4,Normal
455,Carnivine,Grass,,454,74,100,72,90,72,46,4,Normal
456,Finneon,Water,,330,49,49,56,49,61,66,4,Normal
457,Lumineon,Water,,460,69,69,76,69,86,91,4,Normal
458,Mantyke,Water,Flying,345,45,20,50,60,120,50,4,Normal
459,Snover,Grass,Ice,334,60,62,50,62,60,40,4,Normal
460,Abomasnow,Grass,Ice,494,90,92,75,92,85,60,4,Normal
460,Mega Abomasnow,Grass,Ice,594,90,132,105,132,105,30,4,Normal
461,Weavile,Dark,Ice,510,70,120,65,45,85,125,4,Normal
462,Magnezone,Electric,Steel,535,70,70,115,130,90,60,4,Normal
463,Lickilicky,Normal,,515,110,85,95,80,95,50,4,Normal
464,Rhyperior,Ground,Rock,535,115,140,130,55,55,40,4,Normal
465,Tangrowth,Grass,,535,100,100,125,110,50,50,4,Normal
466,Electivire,Electric,,540,75,123,67,95,85,95,4,Normal
467,Magmortar,Fire,,540,75,95,67,125,95,83,4,Normal
468,Togekiss,Fairy,Flying,545,85,50,95,120,115,80,4,Normal
469,Yanmega,Bug,Flying,515,86,76,86,116,56,95,4,Normal
470,Leafeon,Grass,,525,65,110,130,60,65,95,4,Normal
471,Glaceon,Ice,,525,65,60,110,130,95,65,4,Normal
472,Gliscor,Ground,Flying,510,75,95,125,45,75,95,4,Normal
473,Mamoswine,Ice,Ground,530,110,130,80,70,60,80,4,Normal
474,Porygon-Z,Normal,,535,85,80,70,135,75,90,4,Normal
475,Gallade,Psychic,Fighting,518,68,125,65,65,115,80,4,Normal
475,Mega Gallade,Psychic,Fighting,618,68,165,95,65,115,110,4,Normal
476,Probopass,Rock,Steel,525,60,55,145,75,150,40,4,Normal
477,Dusknoir,Ghost,,525,45,100,135,65,135,45,4,Normal
478,Froslass,Ice,Ghost,480,70,80,70,80,70,110,4,Normal
479,Rotom,Electric,Ghost,440,50,50,77,95,77,91,4,Normal
479,Heat Rotom,Electric,Fire,520,50,65,107,105,107,86,4,Normal
479,Wash Rotom,Electric,Water,520,50,65,107,105,107,86,4,Normal
479,Frost Rotom,Electric,Ice,520,50,65,107,105,107,86,4,Normal
479,Fan Rotom,Electric,Flying,520,50,65,107,105,107,86,4,Normal
479,Mow Rotom,Electric,Grass,520,50,65,107,105,107,86,4,Normal
480,Uxie,Psychic,,580,75,75,130,75,130,95,4,Sub Legendary
481,Mesprit,Psychic,,580,80,105,105,105,105,80,4,Sub Legendary
482,Azelf,Psychic,,580,75,125,70,125,70,115,4,Sub Legendary
483,Dialga,Steel,Dragon,680,100,120,120,150,100,90,4,Legendary
484,Palkia,Water,Dragon,680,90,120,100,150,120,100,4,Legendary
485,Heatran,Fire,Steel,600,91,90,106,130,106,77,4,Sub Legendary
486,Regigigas,Normal,,670,110,160,110,80,110,100,4,Sub Legendary
487,Giratina Altered Forme,Ghost,Dragon,680,150,100,120,100,120,90,4,Legendary
487,Giratina Origin Forme,Ghost,Dragon,680,150,120,100,120,100,90,4,Legendary
488,Cresselia,Psychic,,600,120,70,120,75,130,85,4,Sub Legendary
489,Phione,Water,,480,80,80,80,80,80,80,4,Mythical
490,Manaphy,Water,,600,100,100,100,100,100,100,4,Mythical
491,Darkrai,Dark,,600,70,90,90,135,90,125,4,Mythical
492,Shaymin Land Forme,Grass,,600,100,100,100,100,100,100,4,Mythical
492,Shaymin Sky Forme,Grass,Flying,600,100,103,75,120,75,127,4,Mythical
493,Arceus,Normal,,720,120,120,120,120,120,120,4,Mythical
494,Victini,Psychic,Fire,600,100,100,100,100,100,100,5,Mythical
495,Snivy,Grass,,308,45,45,55,45,55,63,5,Normal
496,Servine,Grass,,413,60,60,75,60,75,83,5,Normal
497,Serperior,Grass,,528,75,75,95,75,95,113,5,Normal
498,Tepig,Fire,,308,65,63,45,45,45,45,5,Normal
499,Pignite,Fire,Fighting,418,90,93,55,70,55,55,5,Normal
500,Emboar,Fire,Fighting,528,110,123,65,100,65,65,5,Normal
501,Oshawott,Water,,308,55,55,45,63,45,45,5,Normal
502,Dewott,Water,,413,75,75,60,83,60,60,5,Normal
503,Samurott,Water,,528,95,100,85,108,70,70,5,Normal
504,Patrat,Normal,,255,45,55,39,35,39,42,5,Normal
505,Watchog,Normal,,420,60,85,69,60,69,77,5,Normal
506,Lillipup,Normal,,275,45,60,45,25,45,55,5,Normal
507,Herdier,Normal,,370,65,80,65,35,65,60,5,Normal
508,Stoutland,Normal,,500,85,110,90,45,90,80,5,Normal
509,Purrloin,Dark,,281,41,50,37,50,37,66,5,Normal
510,Liepard,Dark,,446,64,88,50,88,50,106,5,Normal
511,Pansage,Grass,,316,50,53,48,53,48,64,5,Normal
512,Simisage,Grass,,498,75,98,63,98,63,101,5,Normal
513,Pansear,Fire,,316,50,53,48,53,48,64,5,Normal
514,Simisear,Fire,,498,75,98,63,98,63,101,5,Normal
515,Panpour,Water,,316,50,53,48,53,48,64,5,Normal
516,Simipour,Water,,498,75,98,63,98,63,101,5,Normal
517,Munna,Psychic,,292,76,25,45,67,55,24,5,Normal
518,Musharna,Psychic,,487,116,55,85,107,95,29,5,Normal
519,Pidove,Normal,Flying,264,50,55,50,36,30,43,5,Normal
520,Tranquill,Normal,Flying,358,62,77,62,50,42,65,5,Normal
521,Unfezant,Normal,Flying,488,80,115,80,65,55,93,5,Normal
522,Blitzle,Electric,,295,45,60,32,50,32,76,5,Normal
523,Zebstrika,Electric,,497,75,100,63,80,63,116,5,Normal
524,Roggenrola,Rock,,280,55,75,85,25,25,15,5,Normal
525,Boldore,Rock,,390,70,105,105,50,40,20,5,Normal
526,Gigalith,Rock,,515,85,135,130,60,80,25,5,Normal
527,Woobat,Psychic,Flying,323,65,45,43,55,43,72,5,Normal
528,Swoobat,Psychic,Flying,425,67,57,55,77,55,114,5,Normal
529,Drilbur,Ground,,328,60,85,40,30,45,68,5,Normal
530,Excadrill,Ground,Steel,508,110,135,60,50,65,88,5,Normal
531,Audino,Normal,,445,103,60,86,60,86,50,5,Normal
531,Mega Audino,Normal,Fairy,545,103,60,126,80,126,50,5,Normal
532,Timburr,Fighting,,305,75,80,55,25,35,35,5,Normal
533,Gurdurr,Fighting,,405,85,105,85,40,50,40,5,Normal
534,Conkeldurr,Fighting,,505,105,140,95,55,65,45,5,Normal
535,Tympole,Water,,294,50,50,40,50,40,64,5,Normal
536,Palpitoad,Water,Ground,384,75,65,55,65,55,69,5,Normal
537,Seismitoad,Water,Ground,509,105,95,75,85,75,74,5,Normal
538,Throh,Fighting,,465,120,100,85,30,85,45,5,Normal
539,Sawk,Fighting,,465,75,125,75,30,75,85,5,Normal
540,Sewaddle,Bug,Grass,310,45,53,70,40,60,42,5,Normal
541,Swadloon,Bug,Grass,380,55,63,90,50,80,42,5,Normal
542,Leavanny,Bug,Grass,500,75,103,80,70,80,92,5,Normal
543,Venipede,Bug,Poison,260,30,45,59,30,39,57,5,Normal
544,Whirlipede,Bug,Poison,360,40,55,99,40,79,47,5,Normal
545,Scolipede,Bug,Poison,485,60,100,89,55,69,112,5,Normal
546,Cottonee,Grass,Fairy,280,40,27,60,37,50,66,5,Normal
547,Whimsicott,Grass,Fairy,480,60,67,85,77,75,116,5,Normal
548,Petilil,Grass,,280,45,35,50,70,50,30,5,Normal
549,Lilligant,Grass,,480,70,60,75,110,75,90,5,Normal
550,Basculin Red-Striped Form,Water,,460,70,92,65,80,55,98,5,Normal
550,Basculin Blue-Striped Form,Water,,460,70,92,65,80,55,98,5,Normal
551,Sandile,Ground,Dark,292,50,72,35,35,35,65,5,Normal
552,Krokorok,Ground,Dark,351,60,82,45,45,45,74,5,Normal
553,Krookodile,Ground,Dark,519,95,117,80,65,70,92,5,Normal
554,Darumaka,Fire,,315,70,90,45,15,45,50,5,Normal
554,Galarian Darumaka,Ice,,315,70,90,45,15,45,50,5,Normal
555,Darmanitan Standard Mode,Fire,,480,105,140,55,30,55,95,5,Normal
555,Darmanitan Zen Mode,Fire,Psychic,540,105,30,105,140,105,55,5,Normal
555,Darmanitan Galarian Standard Mode,Ice,,480,105,140,55,30,55,95,5,Normal
555,Darmanitan Galarian Zen Mode,Ice,Fire,540,105,160,55,30,55,135,5,Normal
556,Maractus,Grass,,461,75,86,67,106,67,60,5,Normal
557,Dwebble,Bug,Rock,325,50,65,85,35,35,55,5,Normal
558,Crustle,Bug,Rock,485,70,105,125,65,75,45,5,Normal
559,Scraggy,Dark,Fighting,348,50,75,70,35,70,48,5,Normal
560,Scrafty,Dark,Fighting,488,65,90,115,45,115,58,5,Normal
561,Sigilyph,Psychic,Flying,490,72,58,80,103,80,97,5,Normal
562,Yamask,Ghost,,303,38,30,85,55,65,30,5,Normal
562,Galarian Yamask,Ground,Ghost,303,38,55,85,30,65,30,5,Normal
563,Cofagrigus,Ghost,,483,58,50,145,95,105,30,5,Normal
564,Tirtouga,Water,Rock,355,54,78,103,53,45,22,5,Normal
565,Carracosta,Water,Rock,495,74,108,133,83,65,32,5,Normal
566,Archen,Rock,Flying,401,55,112,45,74,45,70,5,Normal
567,Archeops,Rock,Flying,567,75,140,65,112,65,110,5,Normal
568,Trubbish,Poison,,329,50,50,62,40,62,65,5,Normal
569,Garbodor,Poison,,474,80,95,82,60,82,75,5,Normal
570,Zorua,Dark,,330,40,65,40,80,40,65,5,Normal
571,Zoroark,Dark,,510,60,105,60,120,60,105,5,Normal
572,Minccino,Normal,,300,55,50,40,40,40,75,5,Normal
573,Cinccino,Normal,,470,75,95,60,65,60,115,5,Normal
574,Gothita,Psychic,,290,45,30,50,55,65,45,5,Normal
575,Gothorita,Psychic,,390,60,45,70,75,85,55,5,Normal
576,Gothitelle,Psychic,,490,70,55,95,95,110,65,5,Normal
577,Solosis,Psychic,,290,45,30,40,105,50,20,5,Normal
578,Duosion,Psychic,,370,65,40,50,125,60,30,5,Normal
579,Reuniclus,Psychic,,490,110,65,75,125,85,30,5,Normal
580,Ducklett,Water,Flying,305,62,44,50,44,50,55,5,Normal
581,Swanna,Water,Flying,473,75,87,63,87,63,98,5,Normal
582,Vanillite,Ice,,305,36,50,50,65,60,44,5,Normal
583,Vanillish,Ice,,395,51,65,65,80,75,59,5,Normal
584,Vanilluxe,Ice,,535,71,95,85,110,95,79,5,Normal
585,Deerling,Normal,Grass,335,60,60,50,40,50,75,5,Normal
586,Sawsbuck,Normal,Grass,475,80,100,70,60,70,95,5,Normal
587,Emolga,Electric,Flying,428,55,75,60,75,60,103,5,Normal
588,Karrablast,Bug,,315,50,75,45,40,45,60,5,Normal
589,Escavalier,Bug,Steel,495,70,135,105,60,105,20,5,Normal
590,Foongus,Grass,Poison,294,69,55,45,55,55,15,5,Normal
591,Amoonguss,Grass,Poison,464,114,85,70,85,80,30,5,Normal
592,Frillish,Water,Ghost,335,55,40,50,65,85,40,5,Normal
593,Jellicent,Water,Ghost,480,100,60,70,85,105,60,5,Normal
594,Alomomola,Water,,470,165,75,80,40,45,65,5,Normal
595,Joltik,Bug,Electric,319,50,47,50,57,50,65,5,Normal
596,Galvantula,Bug,Electric,472,70,77,60,97,60,108,5,Normal
597,Ferroseed,Grass,Steel,305,44,50,91,24,86,10,5,Normal
598,Ferrothorn,Grass,Steel,489,74,94,131,54,116,20,5,Normal
599,Klink,Steel,,300,40,55,70,45,60,30,5,Normal
600,Klang,Steel,,440,60,80,95,70,85,50,5,Normal
601,Klinklang,Steel,,520,60,100,115,70,85,90,5,Normal
602,Tynamo,Electric,,275,35,55,40,45,40,60,5,Normal
603,Eelektrik,Electric,,405,65,85,70,75,70,40,5,Normal
604,Eelektross,Electric,,515,85,115,80,105,80,50,5,Normal
605,Elgyem,Psychic,,335,55,55,55,85,55,30,5,Normal
606,Beheeyem,Psychic,,485,75,75,75,125,95,40,5,Normal
607,Litwick,Ghost,Fire,275,50,30,55,65,55,20,5,Normal
608,Lampent,Ghost,Fire,370,60,40,60,95,60,55,5,Normal
609,Chandelure,Ghost,Fire,520,60,55,90,145,90,80,5,Normal
610,Axew,Dragon,,320,46,87,60,30,40,57,5,Normal
611,Fraxure,Dragon,,410,66,117,70,40,50,67,5,Normal
612,Haxorus,Dragon,,540,76,147,90,60,70,97,5,Normal
613,Cubchoo,Ice,,305,55,70,40,60,40,40,5,Normal
614,Beartic,Ice,,505,95,130,80,70,80,50,5,Normal
615,Cryogonal,Ice,,515,80,50,50,95,135,105,5,Normal
616,Shelmet,Bug,,305,50,40,85,40,65,25,5,Normal
617,Accelgor,Bug,,495,80,70,40,100,60,145,5,Normal
618,Stunfisk,Ground,Electric,471,109,66,84,81,99,32,5,Normal
618,Galarian Stunfisk,Ground,Steel,471,109,81,99,66,84,32,5,Normal
619,Mienfoo,Fighting,,350,45,85,50,55,50,65,5,Normal
620,Mienshao,Fighting,,510,65,125,60,95,60,105,5,Normal
621,Druddigon,Dragon,,485,77,120,90,60,90,48,5,Normal
622,Golett,Ground,Ghost,303,59,74,50,35,50,35,5,Normal
623,Golurk,Ground,Ghost,483,89,124,80,55,80,55,5,Normal
624,Pawniard,Dark,Steel,340,45,85,70,40,40,60,5,Normal
625,Bisharp,Dark,Steel,490,65,125,100,60,70,70,5,Normal
626,Bouffalant,Normal,,490,95,110,95,40,95,55,5,Normal
627,Rufflet,Normal,Flying,350,70,83,50,37,50,60,5,Normal
628,Braviary,Normal,Flying,510,100,123,75,57,75,80,5,Normal
629,Vullaby,Dark,Flying,370,70,55,75,45,65,60,5,Normal
630,Mandibuzz,Dark,Flying,510,110,65,105,55,95,80,5,Normal
631,Heatmor,Fire,,484,85,97,66,105,66,65,5,Normal
632,Durant,Bug,Steel,484,58,109,112,48,48,109,5,Normal
633,Deino,Dark,Dragon,300,52,65,50,45,50,38,5,Normal
634,Zweilous,Dark,Dragon,420,72,85,70,65,70,58,5,Normal
635,Hydreigon,Dark,Dragon,600,92,105,90,125,90,98,5,Normal
636,Larvesta,Bug,Fire,360,55,85,55,50,55,60,5,Normal
637,Volcarona,Bug,Fire,550,85,60,65,135,105,100,5,Normal
638,Cobalion,Steel,Fighting,580,91,90,129,90,72,108,5,Sub Legendary
639,Terrakion,Rock,Fighting,580,91,129,90,72,90,108,5,Sub Legendary
640,Virizion,Grass,Fighting,580,91,90,72,90,129,108,5,Sub Legendary
641,Tornadus Incarnate Forme,Flying,,580,79,115,70,125,80,111,5,Sub Legendary
641,Tornadus Therian Forme,Flying,,580,79,100,80,110,90,121,5,Sub Legendary
642,Thundurus Incarnate Forme,Electric,Flying,580,79,115,70,125,80,111,5,Sub Legendary
642,Thundurus Therian Forme,Electric,Flying,580,79,105,70,145,80,101,5,Sub Legendary
643,Reshiram,Dragon,Fire,680,100,120,100,150,120,90,5,Legendary
644,Zekrom,Dragon,Electric,680,100,150,120,120,100,90,5,Legendary
645,Landorus Incarnate Forme,Ground,Flying,600,89,125,90,115,80,101,5,Sub Legendary
645,Landorus Therian Forme,Ground,Flying,600,89,145,90,105,80,91,5,Sub Legendary
646,Kyurem,Dragon,Ice,660,125,130,90,130,90,95,5,Legendary
646,Black Kyurem,Dragon,Ice,700,125,170,100,120,90,95,5,Legendary
646,White Kyurem,Dragon,Ice,700,125,120,90,170,100,95,5,Legendary
647,Keldeo Ordinary Forme,Water,Fighting,580,91,72,90,129,90,108,5,Mythical
647,Keldeo Resolute Forme,Water,Fighting,580,91,72,90,129,90,108,5,Mythical
648,Meloetta Aria Forme,Normal,Psychic,600,100,77,77,128,128,90,5,Mythical
648,Meloetta Pirouette Forme,Normal,Fighting,600,100,128,90,77,77,128,5,Mythical
649,Genesect,Bug,Steel,600,71,120,95,120,95,99,5,Mythical
650,Chespin,Grass,,313,56,61,65,48,45,38,6,Normal
651,Quilladin,Grass,,405,61,78,95,56,58,57,6,Normal
652,Chesnaught,Grass,Fighting,530,88,107,122,74,75,64,6,Normal
653,Fennekin,Fire,,307,40,45,40,62,60,60,6,Normal
654,Braixen,Fire,,409,59,59,58,90,70,73,6,Normal
655,Delphox,Fire,Psychic,534,75,69,72,114,100,104,6,Normal
656,Froakie,Water,,314,41,56,40,62,44,71,6,Normal
657,Frogadier,Water,,405,54,63,52,83,56,97,6,Normal
658,Greninja,Water,Dark,530,72,95,67,103,71,122,6,Normal
658,Ash-Greninja,Water,Dark,640,72,145,67,153,71,132,6,Normal
659,Bunnelby,Normal,,237,38,36,38,32,36,57,6,Normal
660,Diggersby,Normal,Ground,423,85,56,77,50,77,78,6,Normal
661,Fletchling,Normal,Flying,278,45,50,43,40,38,62,6,Normal
662,Fletchinder,Fire,Flying,382,62,73,55,56,52,84,6,Normal
663,Talonflame,Fire,Flying,499,78,81,71,74,69,126,6,Normal
664,Scatterbug,Bug,,200,38,35,40,27,25,35,6,Normal
665,Spewpa,Bug,,213,45,22,60,27,30,29,6,Normal
666,Vivillon,Bug,Flying,411,80,52,50,90,50,89,6,Normal
667,Litleo,Fire,Normal,369,62,50,58,73,54,72,6,Normal
668,Pyroar,Fire,Normal,507,86,68,72,109,66,106,6,Normal
669,Flabébé,Fairy,,303,44,38,39,61,79,42,6,Normal
670,Floette,Fairy,,371,54,45,47,75,98,52,6,Normal
671,Florges,Fairy,,552,78,65,68,112,154,75,6,Normal
672,Skiddo,Grass,,350,66,65,48,62,57,52,6,Normal
673,Gogoat,Grass,,531,123,100,62,97,81,68,6,Normal
674,Pancham,Fighting,,348,67,82,62,46,48,43,6,Normal
675,Pangoro,Fighting,Dark,495,95,124,78,69,71,58,6,Normal
676,Furfrou,Normal,,472,75,80,60,65,90,102,6,Normal
677,Espurr,Psychic,,355,62,48,54,63,60,68,6,Normal
678,Meowstic Male,Psychic,,466,74,48,76,83,81,104,6,Normal
678,Meowstic Female,Psychic,,466,74,48,76,83,81,104,6,Normal
679,Honedge,Steel,Ghost,325,45,80,100,35,37,28,6,Normal
680,Doublade,Steel,Ghost,448,59,110,150,45,49,35,6,Normal
681,Aegislash Blade Forme,Steel,Ghost,520,60,150,50,150,50,60,6,Normal
681,Aegislash Shield Forme,Steel,Ghost,520,60,50,150,50,150,60,6,Normal
682,Spritzee,Fairy,,341,78,52,60,63,65,23,6,Normal
683,Aromatisse,Fairy,,462,101,72,72,99,89,29,6,Normal
684,Swirlix,Fairy,,341,62,48,66,59,57,49,6,Normal
685,Slurpuff,Fairy,,480,82,80,86,85,75,72,6,Normal
686,Inkay,Dark,Psychic,288,53,54,53,37,46,45,6,Normal
687,Malamar,Dark,Psychic,482,86,92,88,68,75,73,6,Normal
688,Binacle,Rock,Water,306,42,52,67,39,56,50,6,Normal
689,Barbaracle,Rock,Water,500,72,105,115,54,86,68,6,Normal
690,Skrelp,Poison,Water,320,50,60,60,60,60,30,6,Normal
691,Dragalge,Poison,Dragon,494,65,75,90,97,123,44,6,Normal
692,Clauncher,Water,,330,50,53,62,58,63,44,6,Normal
693,Clawitzer,Water,,500,71,73,88,120,89,59,6,Normal
694,Helioptile,Electric,Normal,289,44,38,33,61,43,70,6,Normal
695,Heliolisk,Electric,Normal,481,62,55,52,109,94,109,6,Normal
696,Tyrunt,Rock,Dragon,362,58,89,77,45,45,48,6,Normal
697,Tyrantrum,Rock,Dragon,521,82,121,119,69,59,71,6,Normal
698,Amaura,Rock,Ice,362,77,59,50,67,63,46,6,Normal
699,Aurorus,Rock,Ice,521,123,77,72,99,92,58,6,Normal
700,Sylveon,Fairy,,525,95,65,65,110,130,60,6,Normal
701,Hawlucha,Fighting,Flying,500,78,92,75,74,63,118,6,Normal
702,Dedenne,Electric,Fairy,431,67,58,57,81,67,101,6,Normal
703,Carbink,Rock,Fairy,500,50,50,150,50,150,50,6,Normal
704,Goomy,Dragon,,300,45,50,35,55,75,40,6,Normal
705,Sliggoo,Dragon,,452,68,75,53,83,113,60,6,Normal
706,Goodra,Dragon,,600,90,100,70,110,150,80,6,Normal
707,Klefki,Steel,Fairy,470,57,80,91,80,87,75,6,Normal
708,Phantump,Ghost,Grass,309,43,70,48,50,60,38,6,Normal
709,Trevenant,Ghost,Grass,474,85,110,76,65,82,56,6,Normal
710,Pumpkaboo Average Size,Ghost,Grass,335,49,66,70,44,55,51,6,Normal
710,Pumpkaboo Small Size,Ghost,Grass,335,44,66,70,44,55,56,6,Normal
710,Pumpkaboo Large Size,Ghost,Grass,335,54,66,70,44,55,46,6,Normal
710,Pumpkaboo Super Size,Ghost,Grass,335,59,66,70,44,55,41,6,Normal
711,Gourgeist Average Size,Ghost,Grass,494,65,90,122,58,75,84,6,Normal
711,Gourgeist Small Size,Ghost,Grass,494,55,85,122,58,75,99,6,Normal
711,Gourgeist Large Size,Ghost,Grass,494,75,95,122,58,75,69,6,Normal
711,Gourgeist Super Size,Ghost,Grass,494,85,100,122,58,75,54,6,Normal
712,Bergmite,Ice,,304,55,69,85,32,35,28,6,Normal
713,Avalugg,Ice,,514,95,117,184,44,46,28,6,Normal
714,Noibat,Flying,Dragon,245,40,30,35,45,40,55,6,Normal
715,Noivern,Flying,Dragon,535,85,70,80,97,80,123,6,Normal
716,Xerneas,Fairy,,680,126,131,95,131,98,99,6,Legendary
717,Yveltal,Dark,Flying,680,126,131,95,131,98,99,6,Legendary
718,Zygarde 50% Forme,Dragon,Ground,600,108,100,121,81,95,95,6,Legendary
718,Zygarde 10% Forme,Dragon,Ground,486,54,100,71,61,85,115,6,Legendary
718,Zygarde Complete Forme,Dragon,Ground,708,216,100,121,91,95,85,6,Legendary
719,Diancie,Rock,Fairy,600,50,100,150,100,150,50,6,Mythical
719,Mega Diancie,Rock,Fairy,700,50,160,110,160,110,110,6,Mythical
720,Hoopa Hoopa Confined,Psychic,Ghost,600,80,110,60,150,130,70,6,Mythical
720,Hoopa Hoopa Unbound,Psychic,Dark,680,80,160,60,170,130,80,6,Mythical
721,Volcanion,Fire,Water,600,80,110,120,130,90,70,6,Mythical
722,Rowlet,Grass,Flying,320,68,55,55,50,50,42,7,Normal
723,Dartrix,Grass,Flying,420,78,75,75,70,70,52,7,Normal
724,Decidueye,Grass,Ghost,530,78,107,75,100,100,70,7,Normal
725,Litten,Fire,,320,45,65,40,60,40,70,7,Normal
726,Torracat,Fire,,420,65,85,50,80,50,90,7,Normal
727,Incineroar,Fire,Dark,530,95,115,90,80,90,60,7,Normal
728,Popplio,Water,,320,50,54,54,66,56,40,7,Normal
729,Brionne,Water,,420,60,69,69,91,81,50,7,Normal
730,Primarina,Water,Fairy,530,80,74,74,126,116,60,7,Normal
731,Pikipek,Normal,Flying,265,35,75,30,30,30,65,7,Normal
732,Trumbeak,Normal,Flying,355,55,85,50,40,50,75,7,Normal
733,Toucannon,Normal,Flying,485,80,120,75,75,75,60,7,Normal
734,Yungoos,Normal,,253,48,70,30,30,30,45,7,Normal
735,Gumshoos,Normal,,418,88,110,60,55,60,45,7,Normal
736,Grubbin,Bug,,300,47,62,45,55,45,46,7,Normal
737,Charjabug,Bug,Electric,400,57,82,95,55,75,36,7,Normal
738,Vikavolt,Bug,Electric,500,77,70,90,145,75,43,7,Normal
739,Crabrawler,Fighting,,338,47,82,57,42,47,63,7,Normal
740,Crabominable,Fighting,Ice,478,97,132,77,62,67,43,7,Normal
741,Oricorio Baile Style,Fire,Flying,476,75,70,70,98,70,93,7,Normal
741,Oricorio Pom-Pom Style,Electric,Flying,476,75,70,70,98,70,93,7,Normal
741,Oricorio Pa'u Style,Psychic,Flying,476,75,70,70,98,70,93,7,Normal
741,Oricorio Sensu Style,Ghost,Flying,476,75,70,70,98,70,93,7,Normal
742,Cutiefly,Bug,Fairy,304,40,45,40,55,40,84,7,Normal
743,Ribombee,Bug,Fairy,464,60,55,60,95,70,124,7,Normal
744,Rockruff,Rock,,280,45,65,40,30,40,60,7,Normal
744,Own Tempo Rockruff,Rock,,280,45,65,40,30,40,60,7,Normal
745,Lycanroc Midday Form,Rock,,487,75,115,65,55,65,112,7,Normal
745,Lycanroc Midnight Form,Rock,,487,85,115,75,55,75,82,7,Normal
745,Lycanroc Dusk Form,Rock,,487,75,117,65,55,65,110,7,Normal
746,Wishiwashi Solo Form,Water,,175,45,20,20,25,25,40,7,Normal
746,Wishiwashi School Form,Water,,620,45,140,130,140,135,30,7,Normal
747,Mareanie,Poison,Water,305,50,53,62,43,52,45,7,Normal
748,Toxapex,Poison,Water,495,50,63,152,53,142,35,7,Normal
749,Mudbray,Ground,,385,70,100,70,45,55,45,7,Normal
750,Mudsdale,Ground,,500,100,125,100,55,85,35,7,Normal
751,Dewpider,Water,Bug,269,38,40,52,40,72,27,7,Normal
752,Araquanid,Water,Bug,454,68,70,92,50,132,42,7,Normal
753,Fomantis,Grass,,250,40,55,35,50,35,35,7,Normal
754,Lurantis,Grass,,480,70,105,90,80,90,45,7,Normal
755,Morelull,Grass,Fairy,285,40,35,55,65,75,15,7,Normal
756,Shiinotic,Grass,Fairy,405,60,45,80,90,100,30,7,Normal
757,Salandit,Poison,Fire,320,48,44,40,71,40,77,7,Normal
758,Salazzle,Poison,Fire,480,68,64,60,111,60,117,7,Normal
759,Stufful,Normal,Fighting,340,70,75,50,45,50,50,7,Normal
760,Bewear,Normal,Fighting,500,120,125,80,55,60,60,7,Normal
761,Bounsweet,Grass,,210,42,30,38,30,38,32,7,Normal
762,Steenee,Grass,,290,52,40,48,40,48,62,7,Normal
763,Tsareena,Grass,,510,72,120,98,50,98,72,7,Normal
764,Comfey,Fairy,,485,51,52,90,82,110,100,7,Normal
765,Oranguru,Normal,Psychic,490,90,60,80,90,110,60,7,Normal
766,Passimian,Fighting,,490,100,120,90,40,60,80,7,Normal
767,Wimpod,Bug,Water,230,25,35,40,20,30,80,7,Normal
768,Golisopod,Bug,Water,530,75,125,140,60,90,40,7,Normal
769,Sandygast,Ghost,Ground,320,55,55,80,70,45,15,7,Normal
770,Palossand,Ghost,Ground,480,85,75,110,100,75,35,7,Normal
771,Pyukumuku,Water,,410,55,60,130,30,130,5,7,Normal
772,Type: Null,Normal,,534,95,95,95,95,95,59,7,Sub Legendary
773,Silvally,Normal,,570,95,95,95,95,95,95,7,Sub Legendary
774,Minior Meteor Form,Rock,Flying,440,60,60,100,60,100,60,7,Normal
774,Minior Core Form,Rock,Flying,500,60,100,60,100,60,120,7,Normal
775,Komala,Normal,,480,65,115,65,75,95,65,7,Normal
776,Turtonator,Fire,Dragon,485,60,78,135,91,85,36,7,Normal
777,Togedemaru,Electric,Steel,435,65,98,63,40,73,96,7,Normal
778,Mimikyu,Ghost,Fairy,476,55,90,80,50,105,96,7,Normal
779,Bruxish,Water,Psychic,475,68,105,70,70,70,92,7,Normal
780,Drampa,Normal,Dragon,485,78,60,85,135,91,36,7,Normal
781,Dhelmise,Ghost,Grass,517,70,131,100,86,90,40,7,Normal
782,Jangmo-o,Dragon,,300,45,55,65,45,45,45,7,Normal
783,Hakamo-o,Dragon,Fighting,420,55,75,90,65,70,65,7,Normal
784,Kommo-o,Dragon,Fighting,600,75,110,125,100,105,85,7,Normal
785,Tapu Koko,Electric,Fairy,570,70,115,85,95,75,130,7,Sub Legendary
786,Tapu Lele,Psychic,Fairy,570,70,85,75,130,115,95,7,Sub Legendary
787,Tapu Bulu,Grass,Fairy,570,70,130,115,85,95,75,7,Sub Legendary
788,Tapu Fini,Water,Fairy,570,70,75,115,95,130,85,7,Sub Legendary
789,Cosmog,Psychic,,200,43,29,31,29,31,37,7,Legendary
790,Cosmoem,Psychic,,400,43,29,131,29,131,37,7,Legendary
791,Solgaleo,Psychic,Steel,680,137,137,107,113,89,97,7,Legendary
792,Lunala,Psychic,Ghost,680,137,113,89,137,107,97,7,Legendary
793,Nihilego,Rock,Poison,570,109,53,47,127,131,103,7,Sub Legendary
794,Buzzwole,Bug,Fighting,570,107,139,139,53,53,79,7,Sub Legendary
795,Pheromosa,Bug,Fighting,570,71,137,37,137,37,151,7,Sub Legendary
796,Xurkitree,Electric,,570,83,89,71,173,71,83,7,Sub Legendary
797,Celesteela,Steel,Flying,570,97,101,103,107,101,61,7,Sub Legendary
798,Kartana,Grass,Steel,570,59,181,131,59,31,109,7,Sub Legendary
799,Guzzlord,Dark,Dragon,570,223,101,53,97,53,43,7,Sub Legendary
800,Necrozma,Psychic,,600,97,107,101,127,89,79,7,Legendary
800,Dusk Mane Necrozma,Psychic,Steel,680,97,157,127,113,109,77,7,Legendary
800,Dawn Wings Necrozma,Psychic,Ghost,680,97,113,109,157,127,77,7,Legendary
800,Ultra Necrozma,Psychic,Dragon,754,97,167,97,167,97,129,7,Legendary
801,Magearna,Steel,Fairy,600,80,95,115,130,115,65,7,Mythical
802,Marshadow,Fighting,Ghost,600,90,125,80,90,90,125,7,Mythical
803,Poipole,Poison,,420,67,73,67,73,67,73,7,Sub Legendary
804,Naganadel,Poison,Dragon,540,73,73,73,127,73,121,7,Sub Legendary
805,Stakataka,Rock,Steel,570,61,131,211,53,101,13,7,Sub Legendary
806,Blacephalon,Fire,Ghost,570,53,127,53,151,79,107,7,Sub Legendary
807,Zeraora,Electric,,600,88,112,75,102,80,143,7,Mythical
808,Meltan,Steel,,300,46,65,65,55,35,34,7,Mythical
809,Melmetal,Steel,,600,135,143,143,80,65,34,7,Mythical
810,Grookey,Grass,,310,50,65,50,40,40,65,8,Normal
811,Thwackey,Grass,,420,70,85,70,55,60,80,8,Normal
812,Rillaboom,Grass,,530,100,125,90,60,70,85,8,Normal
813,Scorbunny,Fire,,310,50,71,40,40,40,69,8,Normal
814,Raboot,Fire,,420,65,86,60,55,60,94,8,Normal
815,Cinderace,Fire,,530,80,116,75,65,75,119,8,Normal
816,Sobble,Water,,310,50,40,40,70,40,70,8,Normal
817,Drizzile,Water,,420,65,60,55,95,55,90,8,Normal
818,Inteleon,Water,,530,70,85,65,125,65,120,8,Normal
819,Skwovet,Normal,,275,70,55,55,35,35,25,8,Normal
820,Greedent,Normal,,460,120,95,95,55,75,20,8,Normal
821,Rookidee,Flying,,245,38,47,35,33,35,57,8,Normal
822,Corvisquire,Flying,,365,68,67,55,43,55,77,8,Normal
823,Corviknight,Flying,Steel,495,98,87,105,53,85,67,8,Normal
824,Blipbug,Bug,,180,25,20,20,25,45,45,8,Normal
825,Dottler,Bug,Psychic,335,50,35,80,50,90,30,8,Normal
826,Orbeetle,Bug,Psychic,505,60,45,110,80,120,90,8,Normal
827,Nickit,Dark,,245,40,28,28,47,52,50,8,Normal
828,Thievul,Dark,,455,70,58,58,87,92,90,8,Normal
829,Gossifleur,Grass,,250,40,40,60,40,60,10,8,Normal
830,Eldegoss,Grass,,460,60,50,90,80,120,60,8,Normal
831,Wooloo,Normal,,270,42,40,55,40,45,48,8,Normal
832,Dubwool,Normal,,490,72,80,100,60,90,88,8,Normal
833,Chewtle,Water,,284,50,64,50,38,38,44,8,Normal
834,Drednaw,Water,Rock,485,90,115,90,48,68,74,8,Normal
835,Yamper,Electric,,270,59,45,50,40,50,26,8,Normal
836,Boltund,Electric,,490,69,90,60,90,60,121,8,Normal
837,Rolycoly,Rock,,240,30,40,50,40,50,30,8,Normal
838,Carkol,Rock,Fire,410,80,60,90,60,70,50,8,Normal
839,Coalossal,Rock,Fire,510,110,80,120,80,90,30,8,Normal
840,Applin,Grass,Dragon,260,40,40,80,40,40,20,8,Normal
841,Flapple,Grass,Dragon,485,70,110,80,95,60,70,8,Normal
842,Appletun,Grass,Dragon,485,110,85,80,100,80,30,8,Normal
843,Silicobra,Ground,,315,52,57,75,35,50,46,8,Normal
844,Sandaconda,Ground,,510,72,107,125,65,70,71,8,Normal
845,Cramorant,Flying,Water,475,70,85,55,85,95,85,8,Normal
846,Arrokuda,Water,,280,41,63,40,40,30,66,8,Normal
847,Barraskewda,Water,,490,61,123,60,60,50,136,8,Normal
848,Toxel,Electric,Poison,242,40,38,35,54,35,40,8,Normal
849,Toxtricity Low Key Form,Electric,Poison,502,75,98,70,114,70,75,8,Normal
849,Toxtricity Amped Form,Electric,Poison,502,75,98,70,114,70,75,8,Normal
850,Sizzlipede,Fire,Bug,305,50,65,45,50,50,45,8,Normal
851,Centiskorch,Fire,Bug,525,100,115,65,90,90,65,8,Normal
852,Clobbopus,Fighting,,310,50,68,60,50,50,32,8,Normal
853,Grapploct,Fighting,,480,80,118,90,70,80,42,8,Normal
854,Sinistea,Ghost,,308,40,45,45,74,54,50,8,Normal
855,Polteageist,Ghost,,508,60,65,65,134,114,70,8,Normal
856,Hatenna,Psychic,,265,42,30,45,56,53,39,8,Normal
857,Hattrem,Psychic,,370,57,40,65,86,73,49,8,Normal
858,Hatterene,Psychic,Fairy,510,57,90,95,136,103,29,8,Normal
859,Impidimp,Dark,Fairy,265,45,45,30,55,40,50,8,Normal
860,Morgrem,Dark,Fairy,370,65,60,45,75,55,70,8,Normal
861,Grimmsnarl,Dark,Fairy,510,95,120,65,95,75,60,8,Normal
862,Obstagoon,Dark,Normal,520,93,90,101,60,81,95,8,Normal
863,Perrserker,Steel,,440,70,110,100,50,60,50,8,Normal
864,Cursola,Ghost,,510,60,95,50,145,130,30,8,Normal
865,Sirfetch'd,Fighting,,507,62,135,95,68,82,65,8,Normal
866,Mr. Rime,Psychic,Ice,520,80,85,75,110,100,70,8,Normal
867,Runerigus,Ground,Ghost,483,58,95,145,50,105,30,8,Normal
868,Milcery,Fairy,,270,45,40,40,50,61,34,8,Normal
869,Alcremie,Fairy,,495,65,60,75,110,121,64,8,Normal
870,Falinks,Fighting,,470,65,100,100,70,60,75,8,Normal
871,Pincurchin,Electric,,435,48,101,95,91,85,15,8,Normal
872,Snom,Ice,Bug,185,30,25,35,45,30,20,8,Normal
873,Frosmoth,Ice,Bug,475,70,65,60,125,90,65,8,Normal
874,Stonjourner,Rock,,470,100,125,135,20,20,70,8,Normal
875,Eiscue Ice Face,Ice,,470,75,80,110,65,90,50,8,Normal
875,Eiscue Noice Face,Ice,,470,75,80,70,65,50,130,8,Normal
876,Indeedee Male,Psychic,Normal,475,60,65,55,105,95,95,8,Normal
876,Indeedee Female,Psychic,Normal,475,70,55,65,95,105,85,8,Normal
877,Morpeko Full Belly Mode,Electric,Dark,436,58,95,58,70,58,97,8,Normal
877,Morpeko Hangry Mode,Electric,Dark,436,58,95,58,70,58,97,8,Normal
878,Cufant,Steel,,330,72,80,49,40,49,40,8,Normal
879,Copperajah,Steel,,500,122,130,69,80,69,30,8,Normal
880,Dracozolt,Electric,Dragon,505,90,100,90,80,70,75,8,Normal
881,Arctozolt,Electric,Ice,505,90,100,90,90,80,55,8,Normal
882,Dracovish,Water,Dragon,505,90,90,100,70,80,75,8,Normal
883,Arctovish,Water,Ice,505,90,90,100,80,90,55,8,Normal
884,Duraludon,Steel,Dragon,535,70,95,115,120,50,85,8,Normal
885,Dreepy,Dragon,Ghost,270,28,60,30,40,30,82,8,Normal
886,Drakloak,Dragon,Ghost,410,68,80,50,60,50,102,8,Normal
887,Dragapult,Dragon,Ghost,600,88,120,75,100,75,142,8,Normal
888,Zacian Crowned Sword,Fairy,Steel,720,92,170,115,80,115,148,8,Legendary
888,Zacian Hero of Many Battles,Fairy,,670,92,130,115,80,115,138,8,Legendary
889,Zamazenta Crowned Shield,Fighting,Steel,720,92,130,145,80,145,128,8,Legendary
889,Zamazenta Hero of Many Battles,Fighting,,670,92,130,115,80,115,138,8,Legendary
890,Eternatus,Poison,Dragon,690,140,85,95,145,95,130,8,Legendary
890,Eternatus Eternamax,Poison,Dragon,1125,255,115,250,125,250,130,8,Legendary
